{
  "version": 1,
  "author": "Anonymous maker",
  "editor": "wokwi",
  "parts": [
    { "type": "wokwi-esp32-devkit-v1", "id": "esp", "top": 1.89, "left": -14.18, "attrs": {} },
    {
      "type": "wokwi-potentiometer",
      "id": "pot1",
      "top": 80.6,
      "left": 129.29,
      "rotate": 90,
      "attrs": {}
    }
  ],
  "connections": [
    [ "esp:TX0", "$serialMonitor:RX", "", [] ],
    [ "esp:RX0", "$serialMonitor:TX", "", [] ],
    [ "pot1:VCC", "esp:3V3", "red", [ "h-26.61", "v32.37" ] ],
    [ "pot1:GND", "esp:GND.1", "black", [ "h-34.65", "v37.72" ] ],
    [ "pot1:SIG", "esp:D15", "green", [ "h-40.79", "v20.74" ] ]
  ]
}