{
  "version": 1,
  "author": "Anonymous maker",
  "editor": "wokwi",
  "parts": [
    { "type": "wokwi-esp32-devkit-v1", "id": "esp", "top": -55.71, "left": -61.72, "attrs": {} },
    {
      "type": "wokwi-led",
      "id": "led1",
      "top": 27.48,
      "left": 109.09,
      "attrs": { "color": "red", "flip": "1" }
    },
    {
      "type": "wokwi-resistor",
      "id": "r1",
      "top": 99.86,
      "left": 101.63,
      "rotate": 90,
      "attrs": { "value": "1000" }
    }
  ],
  "connections": [
    [ "esp:TX0", "$serialMonitor:RX", "", [] ],
    [ "esp:RX0", "$serialMonitor:TX", "", [] ],
    [ "esp:D2", "led1:A", "blue", [ "h0" ] ],
    [ "led1:C", "r1:1", "blue", [ "v0" ] ],
    [ "esp:GND.1", "r1:2", "black", [ "h56.19", "v47.76", "h1.33" ] ]
  ]
}