{
  "version": 1,
  "author": "Anonymous maker",
  "editor": "wokwi",
  "parts": [
    { "type": "wokwi-esp32-devkit-v1", "id": "esp", "top": 2.47, "left": 0, "attrs": {} },
    {
      "type": "wokwi-pushbutton",
      "id": "btn1",
      "top": 65.54,
      "left": 171.43,
      "attrs": { "color": "red" }
    },
    {
      "type": "wokwi-resistor",
      "id": "r1",
      "top": 96.71,
      "left": 119.95,
      "rotate": 90,
      "attrs": { "value": "1000" }
    }
  ],
  "connections": [
    [ "esp:TX0", "$serialMonitor:RX", "", [] ],
    [ "esp:RX0", "$serialMonitor:TX", "", [] ],
    [ "esp:3V3", "btn1:2.r", "red", [ "v2.26", "h56.66" ] ],
    [ "r1:2", "esp:GND.1", "black", [ "h0.08", "v18.11" ] ],
    [ "r1:1", "btn1:1.l", "green", [ "h0" ] ],
    [ "esp:D5", "r1:1", "green", [ "h22.51", "v-17.64" ] ]
  ]
}